category,total_revenue
Electronics,6123566.688678925
Fashion,1524535.2673019555
Office,322569.612403117
